trade_index,pnl,cumulative_pnl
0,539.7533632286941,539.7533632286941
1,95.0,634.7533632286941
2,-619.7533632286941,15.0
3,-619.7533632286941,-604.7533632286941
4,-619.7533632286941,-1224.5067264573881
5,-619.7533632286941,-1844.2600896860822
6,539.7533632286941,-1304.5067264573881
7,539.7533632286941,-764.7533632286941
8,-619.7533632286941,-1384.5067264573881
9,-619.7533632286941,-2004.2600896860822
10,-619.7533632286941,-2624.0134529147763
11,539.7533632286941,-2084.260089686082
12,539.7533632286941,-1544.5067264573881
13,539.7533632286941,-1004.7533632286941
14,539.7533632286941,-465.0
15,-619.7533632286941,-1084.753363228694
16,539.7533632286941,-545.0
17,539.7533632286941,-5.24663677130593
18,-619.7533632286941,-625.0
19,-75.0,-700.0
20,145.0,-555.0
21,160.0,-395.0
22,-619.7533632286941,-1014.7533632286941
23,539.7533632286941,-475.0
24,-619.7533632286941,-1094.753363228694
25,539.7533632286941,-555.0
26,-619.7533632286941,-1174.753363228694
27,-619.7533632286941,-1794.5067264573881
28,539.7533632286941,-1254.753363228694
29,539.7533632286941,-715.0
30,165.0,-550.0
31,-450.0,-1000.0
32,-420.0,-1420.0
33,-619.7533632286941,-2039.753363228694
34,-619.7533632286941,-2659.506726457388
35,539.7533632286941,-2119.753363228694
36,539.7533632286941,-1580.0
37,539.7533632286941,-1040.246636771306
38,-619.7533632286941,-1660.0
39,-619.7533632286941,-2279.753363228694
40,539.7533632286941,-1740.0
41,539.7533632286941,-1200.246636771306
42,539.7533632286941,-660.4932735426119
43,539.7533632286941,-120.73991031391779
44,539.7533632286941,419.0134529147763
45,539.7533632286941,958.7668161434704
46,539.7533632286941,1498.5201793721644
47,-619.7533632286941,878.7668161434704
48,-619.7533632286941,259.0134529147763
49,539.7533632286941,798.7668161434704
50,539.7533632286941,1338.5201793721644
51,539.7533632286941,1878.2735426008585
52,-619.7533632286941,1258.5201793721644
53,-619.7533632286941,638.7668161434704
54,-619.7533632286941,19.01345291477628
55,539.7533632286941,558.7668161434704
56,539.7533632286941,1098.5201793721644
57,539.7533632286941,1638.2735426008585
58,539.7533632286941,2178.0269058295526
59,539.7533632286941,2717.7802690582466
60,-619.7533632286941,2098.0269058295526
61,-420.0,1678.0269058295526
62,-619.7533632286941,1058.2735426008585
63,-325.0,733.2735426008585
64,539.7533632286941,1273.0269058295526
65,539.7533632286941,1812.7802690582466
66,539.7533632286941,2352.5336322869407
67,539.7533632286941,2892.2869955156348
68,-619.7533632286941,2272.5336322869407
69,-619.7533632286941,1652.7802690582466
70,539.7533632286941,2192.5336322869407
71,-180.0,2012.5336322869407
72,-135.0,1877.5336322869407
73,539.7533632286941,2417.2869955156348
74,539.7533632286941,2957.040358744329
75,539.7533632286941,3496.793721973023
76,539.7533632286941,4036.547085201717
77,539.7533632286941,4576.300448430411
78,539.7533632286941,5116.053811659105
79,539.7533632286941,5655.807174887799
80,-35.0,5620.807174887799
81,45.0,5665.807174887799
82,-55.0,5610.807174887799
83,-619.7533632286941,4991.053811659105
84,-619.7533632286941,4371.300448430411
85,-619.7533632286941,3751.547085201717
86,-619.7533632286941,3131.793721973023
87,539.7533632286941,3671.547085201717
88,539.7533632286941,4211.300448430411
89,539.7533632286941,4751.053811659105
90,539.7533632286941,5290.807174887799
91,539.7533632286941,5830.560538116493
92,-619.7533632286941,5210.807174887799
93,-619.7533632286941,4591.053811659105
94,-345.0,4246.053811659105
95,-619.7533632286941,3626.300448430411
96,0.0,3626.300448430411
97,539.7533632286941,4166.053811659105
98,539.7533632286941,4705.807174887799
99,-619.7533632286941,4086.053811659105
100,539.7533632286941,4625.807174887799
101,539.7533632286941,5165.560538116493
102,85.0,5250.560538116493
103,-270.0,4980.560538116493
104,-619.7533632286941,4360.807174887799
105,-619.7533632286941,3741.053811659105
106,-619.7533632286941,3121.300448430411
107,539.7533632286941,3661.053811659105
108,539.7533632286941,4200.807174887799
109,-619.7533632286941,3581.053811659105
110,-619.7533632286941,2961.300448430411
111,-619.7533632286941,2341.547085201717
112,-160.0,2181.547085201717
113,-20.0,2161.547085201717
114,539.7533632286941,2701.300448430411
115,539.7533632286941,3241.053811659105
116,539.7533632286941,3780.807174887799
117,539.7533632286941,4320.560538116493
118,539.7533632286941,4860.313901345187
119,-55.0,4805.313901345187
120,539.7533632286941,5345.067264573881
121,539.7533632286941,5884.8206278025755
122,539.7533632286941,6424.5739910312695
123,539.7533632286941,6964.327354259964
124,539.7533632286941,7504.080717488658
125,539.7533632286941,8043.834080717352
126,70.0,8113.834080717352
127,-365.0,7748.834080717352
128,-250.0,7498.834080717352
129,20.0,7518.834080717352
130,-619.7533632286941,6899.080717488658
131,-619.7533632286941,6279.327354259964
132,-619.7533632286941,5659.5739910312695
133,-619.7533632286941,5039.8206278025755
134,-619.7533632286941,4420.067264573881
135,-45.0,4375.067264573881
136,539.7533632286941,4914.8206278025755
137,539.7533632286941,5454.5739910312695
138,539.7533632286941,5994.327354259964
139,539.7533632286941,6534.080717488658
140,260.0,6794.080717488658
141,-95.0,6699.080717488658
142,-240.0,6459.080717488658
143,-619.7533632286941,5839.327354259964
144,-619.7533632286941,5219.5739910312695
145,-619.7533632286941,4599.8206278025755
146,-619.7533632286941,3980.0672645738814
147,-619.7533632286941,3360.3139013451873
148,539.7533632286941,3900.0672645738814
149,-619.7533632286941,3280.3139013451873
150,539.7533632286941,3820.0672645738814
151,60.0,3880.0672645738814
152,-115.0,3765.0672645738814
153,-619.7533632286941,3145.3139013451873
154,-619.7533632286941,2525.5605381164933
155,-619.7533632286941,1905.8071748877992
156,-619.7533632286941,1286.0538116591051
157,-619.7533632286941,666.300448430411
158,539.7533632286941,1206.0538116591051
159,-619.7533632286941,586.300448430411
160,-105.0,481.30044843041105
161,539.7533632286941,1021.0538116591051
162,539.7533632286941,1560.8071748877992
163,-619.7533632286941,941.0538116591051
164,-619.7533632286941,321.30044843041105
165,539.7533632286941,861.0538116591051
166,539.7533632286941,1400.8071748877992
167,539.7533632286941,1940.5605381164933
168,-619.7533632286941,1320.8071748877992
169,-619.7533632286941,701.0538116591051
170,430.0,1131.0538116591051
171,539.7533632286941,1670.8071748877992
172,539.7533632286941,2210.5605381164933
173,-619.7533632286941,1590.8071748877992
174,-619.7533632286941,971.0538116591051
175,-619.7533632286941,351.30044843041105
176,-619.7533632286941,-268.452914798283
177,-619.7533632286941,-888.2062780269771
178,539.7533632286941,-348.452914798283
179,-619.7533632286941,-968.2062780269771
180,-619.7533632286941,-1587.9596412556712
181,-619.7533632286941,-2207.7130044843652
182,-619.7533632286941,-2827.4663677130593
183,-619.7533632286941,-3447.2197309417534
184,539.7533632286941,-2907.4663677130593
185,539.7533632286941,-2367.7130044843652
186,-619.7533632286941,-2987.4663677130593
187,539.7533632286941,-2447.7130044843652
188,539.7533632286941,-1907.9596412556712
189,539.7533632286941,-1368.206278026977
190,539.7533632286941,-828.452914798283
191,539.7533632286941,-288.69955156958895
192,539.7533632286941,251.05381165910512
193,539.7533632286941,790.8071748877992
194,539.7533632286941,1330.5605381164933
195,539.7533632286941,1870.3139013451873
196,539.7533632286941,2410.0672645738814
197,539.7533632286941,2949.8206278025755
198,539.7533632286941,3489.5739910312695
199,539.7533632286941,4029.3273542599636
200,539.7533632286941,4569.080717488658
201,539.7533632286941,5108.834080717352
202,-619.7533632286941,4489.080717488658
203,-619.7533632286941,3869.3273542599636
204,-619.7533632286941,3249.5739910312695
205,539.7533632286941,3789.3273542599636
206,-619.7533632286941,3169.5739910312695
207,-619.7533632286941,2549.8206278025755
208,-619.7533632286941,1930.0672645738814
209,539.7533632286941,2469.8206278025755
210,-619.7533632286941,1850.0672645738814
211,-619.7533632286941,1230.3139013451873
212,539.7533632286941,1770.0672645738814
213,-619.7533632286941,1150.3139013451873
214,-619.7533632286941,530.5605381164933
215,539.7533632286941,1070.3139013451873
216,539.7533632286941,1610.0672645738814
217,539.7533632286941,2149.8206278025755
218,-619.7533632286941,1530.0672645738814
219,-619.7533632286941,910.3139013451873
220,-619.7533632286941,290.56053811649326
221,-619.7533632286941,-329.1928251122008
222,539.7533632286941,210.56053811649326
223,539.7533632286941,750.3139013451873
224,-619.7533632286941,130.56053811649326
225,-619.7533632286941,-489.1928251122008
226,-619.7533632286941,-1108.9461883408949
227,539.7533632286941,-569.1928251122008
228,-619.7533632286941,-1188.9461883408949
229,-619.7533632286941,-1808.699551569589
230,-619.7533632286941,-2428.452914798283
231,539.7533632286941,-1888.699551569589
232,539.7533632286941,-1348.9461883408949
233,539.7533632286941,-809.1928251122008
234,-619.7533632286941,-1428.9461883408949
235,-619.7533632286941,-2048.699551569589
236,539.7533632286941,-1508.9461883408949
237,539.7533632286941,-969.1928251122008
238,-619.7533632286941,-1588.9461883408949
239,539.7533632286941,-1049.1928251122008
240,539.7533632286941,-509.43946188350674
241,539.7533632286941,30.313901345187332
242,-619.7533632286941,-589.4394618835067
243,-619.7533632286941,-1209.1928251122008
244,539.7533632286941,-669.4394618835067
245,539.7533632286941,-129.68609865481267
246,539.7533632286941,410.0672645738814
247,539.7533632286941,949.8206278025755
248,-619.7533632286941,330.0672645738814
249,539.7533632286941,869.8206278025755
250,-619.7533632286941,250.0672645738814
251,539.7533632286941,789.8206278025755
252,539.7533632286941,1329.5739910312695
253,539.7533632286941,1869.3273542599636
254,539.7533632286941,2409.0807174886577
255,-619.7533632286941,1789.3273542599636
256,-619.7533632286941,1169.5739910312695
257,-619.7533632286941,549.8206278025755
258,539.7533632286941,1089.5739910312695
259,539.7533632286941,1629.3273542599636
260,539.7533632286941,2169.0807174886577
261,-619.7533632286941,1549.3273542599636
262,539.7533632286941,2089.0807174886577
263,539.7533632286941,2628.8340807173518
264,-619.7533632286941,2009.0807174886577
265,539.7533632286941,2548.8340807173518
266,-619.7533632286941,1929.0807174886577
267,-619.7533632286941,1309.3273542599636
268,-619.7533632286941,689.5739910312695
269,539.7533632286941,1229.3273542599636
270,-619.7533632286941,609.5739910312695
271,-619.7533632286941,-10.179372197424527
272,539.7533632286941,529.5739910312695
273,539.7533632286941,1069.3273542599636
274,539.7533632286941,1609.0807174886577
275,-619.7533632286941,989.3273542599636
276,539.7533632286941,1529.0807174886577
277,-619.7533632286941,909.3273542599636
278,539.7533632286941,1449.0807174886577
279,539.7533632286941,1988.8340807173518
280,-619.7533632286941,1369.0807174886577
281,539.7533632286941,1908.8340807173518
282,539.7533632286941,2448.587443946046
283,310.0,2758.587443946046
284,45.0,2803.587443946046
285,539.7533632286941,3343.34080717474
286,539.7533632286941,3883.094170403434
287,539.7533632286941,4422.847533632128
288,-619.7533632286941,3803.094170403434
289,-619.7533632286941,3183.34080717474
290,539.7533632286941,3723.094170403434
291,539.7533632286941,4262.847533632128
292,-619.7533632286941,3643.094170403434
293,539.7533632286941,4182.847533632128
294,-619.7533632286941,3563.094170403434
295,-619.7533632286941,2943.34080717474
296,-619.7533632286941,2323.587443946046
297,-619.7533632286941,1703.8340807173518
298,-619.7533632286941,1084.0807174886577
299,-619.7533632286941,464.3273542599636
300,539.7533632286941,1004.0807174886577
301,539.7533632286941,1543.8340807173518
302,-619.7533632286941,924.0807174886577
303,-619.7533632286941,304.3273542599636
304,-619.7533632286941,-315.42600896873046
305,-619.7533632286941,-935.1793721974245
306,-619.7533632286941,-1554.9327354261186
307,539.7533632286941,-1015.1793721974245
308,539.7533632286941,-475.42600896873046
309,539.7533632286941,64.32735425996361
310,539.7533632286941,604.0807174886577
311,539.7533632286941,1143.8340807173518
312,-619.7533632286941,524.0807174886577
313,-619.7533632286941,-95.67264574003639
314,-619.7533632286941,-715.4260089687305
315,-619.7533632286941,-1335.1793721974245
316,-619.7533632286941,-1954.9327354261186
317,-619.7533632286941,-2574.6860986548127
318,539.7533632286941,-2034.9327354261186
319,-619.7533632286941,-2654.6860986548127
320,539.7533632286941,-2114.9327354261186
321,-619.7533632286941,-2734.6860986548127
322,-619.7533632286941,-3354.4394618835067
323,-619.7533632286941,-3974.192825112201
324,539.7533632286941,-3434.4394618835067
325,-619.7533632286941,-4054.192825112201
326,-619.7533632286941,-4673.946188340895
327,-619.7533632286941,-5293.699551569589
328,-619.7533632286941,-5913.452914798283
329,-619.7533632286941,-6533.206278026977
330,-619.7533632286941,-7152.959641255671
331,-619.7533632286941,-7772.713004484365
332,-619.7533632286941,-8392.46636771306
333,-619.7533632286941,-9012.219730941753
334,539.7533632286941,-8472.46636771306
335,539.7533632286941,-7932.713004484365
336,-619.7533632286941,-8552.46636771306
337,-619.7533632286941,-9172.219730941753
338,539.7533632286941,-8632.46636771306
339,-619.7533632286941,-9252.219730941753
340,539.7533632286941,-8712.46636771306
341,539.7533632286941,-8172.713004484365
342,539.7533632286941,-7632.959641255671
343,-619.7533632286941,-8252.713004484365
344,-619.7533632286941,-8872.46636771306
345,-619.7533632286941,-9492.219730941753
346,-619.7533632286941,-10111.973094170447
347,539.7533632286941,-9572.219730941753
348,-619.7533632286941,-10191.973094170447
349,539.7533632286941,-9652.219730941753
350,-619.7533632286941,-10271.973094170447
351,-619.7533632286941,-10891.726457399142
352,539.7533632286941,-10351.973094170447
353,539.7533632286941,-9812.219730941753
354,-619.7533632286941,-10431.973094170447
355,-619.7533632286941,-11051.726457399142
356,539.7533632286941,-10511.973094170447
357,-619.7533632286941,-11131.726457399142
358,-619.7533632286941,-11751.479820627836
359,-619.7533632286941,-12371.23318385653
360,539.7533632286941,-11831.479820627836
361,-619.7533632286941,-12451.23318385653
362,-619.7533632286941,-13070.986547085224
363,539.7533632286941,-12531.23318385653
364,-619.7533632286941,-13150.986547085224
365,-619.7533632286941,-13770.739910313918
366,539.7533632286941,-13230.986547085224
367,-619.7533632286941,-13850.739910313918
368,539.7533632286941,-13310.986547085224
369,-619.7533632286941,-13930.739910313918
370,-619.7533632286941,-14550.493273542612
371,539.7533632286941,-14010.739910313918
372,539.7533632286941,-13470.986547085224
373,-619.7533632286941,-14090.739910313918
374,-619.7533632286941,-14710.493273542612
375,539.7533632286941,-14170.739910313918
376,-619.7533632286941,-14790.493273542612
377,-619.7533632286941,-15410.246636771306
378,539.7533632286941,-14870.493273542612
379,-619.7533632286941,-15490.246636771306
380,-619.7533632286941,-16110.0
381,539.7533632286941,-15570.246636771306
382,-619.7533632286941,-16190.0
383,-619.7533632286941,-16809.753363228694
384,-619.7533632286941,-17429.506726457388
385,-619.7533632286941,-18049.260089686082
386,-619.7533632286941,-18669.013452914776
387,539.7533632286941,-18129.260089686082
388,-619.7533632286941,-18749.013452914776
389,539.7533632286941,-18209.260089686082
390,-619.7533632286941,-18829.013452914776
391,-619.7533632286941,-19448.76681614347
392,-619.7533632286941,-20068.520179372164
393,-619.7533632286941,-20688.27354260086
394,-619.7533632286941,-21308.026905829553
395,539.7533632286941,-20768.27354260086
396,-619.7533632286941,-21388.026905829553
397,-619.7533632286941,-22007.780269058247
398,-619.7533632286941,-22627.53363228694
399,-619.7533632286941,-23247.286995515635
400,539.7533632286941,-22707.53363228694
401,-619.7533632286941,-23327.286995515635
402,539.7533632286941,-22787.53363228694
403,539.7533632286941,-22247.780269058247
404,-619.7533632286941,-22867.53363228694
405,539.7533632286941,-22327.780269058247
406,-619.7533632286941,-22947.53363228694
407,-619.7533632286941,-23567.286995515635
408,-619.7533632286941,-24187.04035874433
409,539.7533632286941,-23647.286995515635
410,539.7533632286941,-23107.53363228694
411,-619.7533632286941,-23727.286995515635
412,539.7533632286941,-23187.53363228694
413,539.7533632286941,-22647.780269058247
414,539.7533632286941,-22108.026905829553
415,539.7533632286941,-21568.27354260086
416,539.7533632286941,-21028.520179372164
417,539.7533632286941,-20488.76681614347
418,539.7533632286941,-19949.013452914776
419,539.7533632286941,-19409.260089686082
420,-619.7533632286941,-20029.013452914776
421,539.7533632286941,-19489.260089686082
422,-619.7533632286941,-20109.013452914776
423,539.7533632286941,-19569.260089686082
424,539.7533632286941,-19029.506726457388
425,539.7533632286941,-18489.753363228694
426,-619.7533632286941,-19109.506726457388
427,-619.7533632286941,-19729.260089686082
428,539.7533632286941,-19189.506726457388
429,-619.7533632286941,-19809.260089686082
430,539.7533632286941,-19269.506726457388
431,-619.7533632286941,-19889.260089686082
432,539.7533632286941,-19349.506726457388
433,539.7533632286941,-18809.753363228694
434,539.7533632286941,-18270.0
435,-160.0,-18430.0
436,-105.0,-18535.0
437,539.7533632286941,-17995.246636771306
438,-619.7533632286941,-18615.0
439,-619.7533632286941,-19234.753363228694
440,539.7533632286941,-18695.0
441,539.7533632286941,-18155.246636771306
442,539.7533632286941,-17615.493273542612
443,-619.7533632286941,-18235.246636771306
444,539.7533632286941,-17695.493273542612
445,-619.7533632286941,-18315.246636771306
446,-619.7533632286941,-18935.0
447,-619.7533632286941,-19554.753363228694
448,-619.7533632286941,-20174.506726457388
449,-295.0,-20469.506726457388
450,-619.7533632286941,-21089.260089686082
451,-619.7533632286941,-21709.013452914776
452,-619.7533632286941,-22328.76681614347
453,-619.7533632286941,-22948.520179372164
454,-619.7533632286941,-23568.27354260086
455,539.7533632286941,-23028.520179372164
456,-619.7533632286941,-23648.27354260086
457,-619.7533632286941,-24268.026905829553
458,539.7533632286941,-23728.27354260086
459,539.7533632286941,-23188.520179372164
460,539.7533632286941,-22648.76681614347
461,539.7533632286941,-22109.013452914776
462,539.7533632286941,-21569.260089686082
463,-619.7533632286941,-22189.013452914776
464,-619.7533632286941,-22808.76681614347
465,-195.0,-23003.76681614347
466,-619.7533632286941,-23623.520179372164
467,-619.7533632286941,-24243.27354260086
468,-619.7533632286941,-24863.026905829553
469,-619.7533632286941,-25482.780269058247
470,-619.7533632286941,-26102.53363228694
471,-619.7533632286941,-26722.286995515635
472,-619.7533632286941,-27342.04035874433
473,-619.7533632286941,-27961.793721973023
474,539.7533632286941,-27422.04035874433
475,-220.0,-27642.04035874433
476,-619.7533632286941,-28261.793721973023
477,-619.7533632286941,-28881.547085201717
478,-619.7533632286941,-29501.30044843041
479,-619.7533632286941,-30121.053811659105
480,-619.7533632286941,-30740.8071748878
481,-619.7533632286941,-31360.560538116493
482,539.7533632286941,-30820.8071748878
483,539.7533632286941,-30281.053811659105
484,539.7533632286941,-29741.30044843041
485,539.7533632286941,-29201.547085201717
486,539.7533632286941,-28661.793721973023
487,539.7533632286941,-28122.04035874433
488,539.7533632286941,-27582.286995515635
489,-619.7533632286941,-28202.04035874433
490,-619.7533632286941,-28821.793721973023
491,-619.7533632286941,-29441.547085201717
492,539.7533632286941,-28901.793721973023
493,-619.7533632286941,-29521.547085201717
494,-619.7533632286941,-30141.30044843041
495,-619.7533632286941,-30761.053811659105
496,-619.7533632286941,-31380.8071748878
497,-170.0,-31550.8071748878
498,-70.0,-31620.8071748878
499,539.7533632286941,-31081.053811659105
500,539.7533632286941,-30541.30044843041
501,539.7533632286941,-30001.547085201717
502,539.7533632286941,-29461.793721973023
503,539.7533632286941,-28922.04035874433
504,539.7533632286941,-28382.286995515635
505,-619.7533632286941,-29002.04035874433
506,55.0,-28947.04035874433
507,45.0,-28902.04035874433
508,539.7533632286941,-28362.286995515635
509,539.7533632286941,-27822.53363228694
510,539.7533632286941,-27282.780269058247
511,539.7533632286941,-26743.026905829553
512,-619.7533632286941,-27362.780269058247
513,539.7533632286941,-26823.026905829553
514,539.7533632286941,-26283.27354260086
515,-619.7533632286941,-26903.026905829553
516,-619.7533632286941,-27522.780269058247
517,-619.7533632286941,-28142.53363228694
518,70.0,-28072.53363228694
519,-619.7533632286941,-28692.286995515635
520,-619.7533632286941,-29312.04035874433
521,-619.7533632286941,-29931.793721973023
522,-619.7533632286941,-30551.547085201717
523,-619.7533632286941,-31171.30044843041
524,-619.7533632286941,-31791.053811659105
525,165.0,-31626.053811659105
526,-619.7533632286941,-32245.8071748878
527,539.7533632286941,-31706.053811659105
528,-619.7533632286941,-32325.8071748878
529,-619.7533632286941,-32945.56053811649
530,-619.7533632286941,-33565.31390134519
531,150.0,-33415.31390134519
532,-619.7533632286941,-34035.06726457388
533,539.7533632286941,-33495.31390134519
534,-619.7533632286941,-34115.06726457388
535,-619.7533632286941,-34734.820627802575
536,539.7533632286941,-34195.06726457388
537,539.7533632286941,-33655.31390134519
538,-619.7533632286941,-34275.06726457388
539,-619.7533632286941,-34894.820627802575
540,-619.7533632286941,-35514.57399103127
541,-619.7533632286941,-36134.32735425996
542,-619.7533632286941,-36754.08071748866
543,-619.7533632286941,-37373.83408071735
544,539.7533632286941,-36834.08071748866
545,539.7533632286941,-36294.32735425996
546,539.7533632286941,-35754.57399103127
547,539.7533632286941,-35214.820627802575
548,-619.7533632286941,-35834.57399103127
549,539.7533632286941,-35294.820627802575
550,-619.7533632286941,-35914.57399103127
551,290.0,-35624.57399103127
552,-619.7533632286941,-36244.32735425996
553,-619.7533632286941,-36864.08071748866
554,-619.7533632286941,-37483.83408071735
555,539.7533632286941,-36944.08071748866
556,-619.7533632286941,-37563.83408071735
557,-619.7533632286941,-38183.587443946046
558,-619.7533632286941,-38803.34080717474
559,539.7533632286941,-38263.587443946046
560,-619.7533632286941,-38883.34080717474
561,539.7533632286941,-38343.587443946046
562,539.7533632286941,-37803.83408071735
563,539.7533632286941,-37264.08071748866
564,539.7533632286941,-36724.32735425996
565,-619.7533632286941,-37344.08071748866
566,-619.7533632286941,-37963.83408071735
567,-619.7533632286941,-38583.587443946046
568,539.7533632286941,-38043.83408071735
569,-619.7533632286941,-38663.587443946046
570,-619.7533632286941,-39283.34080717474
571,-619.7533632286941,-39903.094170403434
572,-619.7533632286941,-40522.84753363213
573,539.7533632286941,-39983.094170403434
574,539.7533632286941,-39443.34080717474
575,539.7533632286941,-38903.587443946046
576,-619.7533632286941,-39523.34080717474
577,-619.7533632286941,-40143.094170403434
578,-130.0,-40273.094170403434
579,-619.7533632286941,-40892.84753363213
580,-619.7533632286941,-41512.60089686082
581,-619.7533632286941,-42132.354260089516
582,539.7533632286941,-41592.60089686082
583,-255.0,-41847.60089686082
584,-619.7533632286941,-42467.354260089516
585,-619.7533632286941,-43087.10762331821
586,539.7533632286941,-42547.354260089516
587,-619.7533632286941,-43167.10762331821
588,539.7533632286941,-42627.354260089516
589,539.7533632286941,-42087.60089686082
590,539.7533632286941,-41547.84753363213
591,539.7533632286941,-41008.094170403434
592,539.7533632286941,-40468.34080717474
593,-619.7533632286941,-41088.094170403434
594,-619.7533632286941,-41707.84753363213
595,-619.7533632286941,-42327.60089686082
596,-619.7533632286941,-42947.354260089516
597,-619.7533632286941,-43567.10762331821
598,-619.7533632286941,-44186.860986546904
599,539.7533632286941,-43647.10762331821
600,539.7533632286941,-43107.354260089516
601,539.7533632286941,-42567.60089686082
602,539.7533632286941,-42027.84753363213
603,539.7533632286941,-41488.094170403434
604,-619.7533632286941,-42107.84753363213
605,-619.7533632286941,-42727.60089686082
606,295.0,-42432.60089686082
607,185.0,-42247.60089686082
608,539.7533632286941,-41707.84753363213
609,539.7533632286941,-41168.094170403434
610,539.7533632286941,-40628.34080717474
611,539.7533632286941,-40088.587443946046
612,-619.7533632286941,-40708.34080717474
613,539.7533632286941,-40168.587443946046
614,-619.7533632286941,-40788.34080717474
615,-619.7533632286941,-41408.094170403434
616,539.7533632286941,-40868.34080717474
617,539.7533632286941,-40328.587443946046
618,-619.7533632286941,-40948.34080717474
619,-619.7533632286941,-41568.094170403434
620,-619.7533632286941,-42187.84753363213
621,-619.7533632286941,-42807.60089686082
622,-619.7533632286941,-43427.354260089516
623,539.7533632286941,-42887.60089686082
624,-100.0,-42987.60089686082
625,-435.0,-43422.60089686082
626,-105.0,-43527.60089686082
627,539.7533632286941,-42987.84753363213
628,539.7533632286941,-42448.094170403434
629,539.7533632286941,-41908.34080717474
630,539.7533632286941,-41368.587443946046
631,539.7533632286941,-40828.83408071735
632,-619.7533632286941,-41448.587443946046
633,539.7533632286941,-40908.83408071735
634,539.7533632286941,-40369.08071748866
635,539.7533632286941,-39829.32735425996
636,-619.7533632286941,-40449.08071748866
637,-619.7533632286941,-41068.83408071735
638,-619.7533632286941,-41688.587443946046
639,539.7533632286941,-41148.83408071735
640,-619.7533632286941,-41768.587443946046
641,-619.7533632286941,-42388.34080717474
642,539.7533632286941,-41848.587443946046
643,-619.7533632286941,-42468.34080717474
644,-619.7533632286941,-43088.094170403434
645,539.7533632286941,-42548.34080717474
646,-619.7533632286941,-43168.094170403434
647,5.0,-43163.094170403434
648,-619.7533632286941,-43782.84753363213
649,-619.7533632286941,-44402.60089686082
650,-619.7533632286941,-45022.354260089516
651,539.7533632286941,-44482.60089686082
652,539.7533632286941,-43942.84753363213
653,539.7533632286941,-43403.094170403434
654,245.0,-43158.094170403434
655,539.7533632286941,-42618.34080717474
656,-619.7533632286941,-43238.094170403434
657,-619.7533632286941,-43857.84753363213
658,-619.7533632286941,-44477.60089686082
659,539.7533632286941,-43937.84753363213
660,539.7533632286941,-43398.094170403434
661,539.7533632286941,-42858.34080717474
662,539.7533632286941,-42318.587443946046
663,-619.7533632286941,-42938.34080717474
664,539.7533632286941,-42398.587443946046
665,-619.7533632286941,-43018.34080717474
666,-619.7533632286941,-43638.094170403434
667,-619.7533632286941,-44257.84753363213
668,-619.7533632286941,-44877.60089686082
669,-619.7533632286941,-45497.354260089516
670,-619.7533632286941,-46117.10762331821
671,-619.7533632286941,-46736.860986546904
672,-619.7533632286941,-47356.6143497756
673,-619.7533632286941,-47976.36771300429
674,539.7533632286941,-47436.6143497756
675,-110.0,-47546.6143497756
676,-619.7533632286941,-48166.36771300429
677,-619.7533632286941,-48786.12107623299
678,-619.7533632286941,-49405.87443946168
679,539.7533632286941,-48866.12107623299
680,539.7533632286941,-48326.36771300429
681,539.7533632286941,-47786.6143497756
682,-619.7533632286941,-48406.36771300429
683,-619.7533632286941,-49026.12107623299
684,539.7533632286941,-48486.36771300429
685,90.0,-48396.36771300429
686,-115.0,-48511.36771300429
687,-619.7533632286941,-49131.12107623299
688,-619.7533632286941,-49750.87443946168
689,-619.7533632286941,-50370.627802690375
690,-619.7533632286941,-50990.38116591907
691,-619.7533632286941,-51610.13452914776
692,-619.7533632286941,-52229.88789237646
693,539.7533632286941,-51690.13452914776
694,539.7533632286941,-51150.38116591907
695,-619.7533632286941,-51770.13452914776
696,-619.7533632286941,-52389.88789237646
697,539.7533632286941,-51850.13452914776
698,539.7533632286941,-51310.38116591907
699,539.7533632286941,-50770.627802690375
700,539.7533632286941,-50230.87443946168
701,-619.7533632286941,-50850.627802690375
702,539.7533632286941,-50310.87443946168
703,539.7533632286941,-49771.12107623299
704,539.7533632286941,-49231.36771300429
705,539.7533632286941,-48691.6143497756
706,539.7533632286941,-48151.860986546904
707,-619.7533632286941,-48771.6143497756
708,-619.7533632286941,-49391.36771300429
709,-619.7533632286941,-50011.12107623299
710,539.7533632286941,-49471.36771300429
711,-619.7533632286941,-50091.12107623299
712,-619.7533632286941,-50710.87443946168
713,539.7533632286941,-50171.12107623299
714,-619.7533632286941,-50790.87443946168
715,-619.7533632286941,-51410.627802690375
716,-619.7533632286941,-52030.38116591907
717,-619.7533632286941,-52650.13452914776
718,-619.7533632286941,-53269.88789237646
719,-619.7533632286941,-53889.64125560515
720,-619.7533632286941,-54509.394618833845
721,-25.0,-54534.394618833845
722,539.7533632286941,-53994.64125560515
723,539.7533632286941,-53454.88789237646
724,539.7533632286941,-52915.13452914776
725,-619.7533632286941,-53534.88789237646
726,539.7533632286941,-52995.13452914776
727,-619.7533632286941,-53614.88789237646
728,-255.0,-53869.88789237646
729,-619.7533632286941,-54489.64125560515
730,-619.7533632286941,-55109.394618833845
731,539.7533632286941,-54569.64125560515
732,-619.7533632286941,-55189.394618833845
733,539.7533632286941,-54649.64125560515
734,539.7533632286941,-54109.88789237646
735,260.0,-53849.88789237646
736,539.7533632286941,-53310.13452914776
737,539.7533632286941,-52770.38116591907
738,539.7533632286941,-52230.627802690375
739,539.7533632286941,-51690.87443946168
740,539.7533632286941,-51151.12107623299
741,-619.7533632286941,-51770.87443946168
742,539.7533632286941,-51231.12107623299
743,539.7533632286941,-50691.36771300429
744,539.7533632286941,-50151.6143497756
745,-619.7533632286941,-50771.36771300429
746,-619.7533632286941,-51391.12107623299
747,-619.7533632286941,-52010.87443946168
748,-619.7533632286941,-52630.627802690375
749,539.7533632286941,-52090.87443946168
750,-619.7533632286941,-52710.627802690375
751,-619.7533632286941,-53330.38116591907
752,-619.7533632286941,-53950.13452914776
753,-540.0,-54490.13452914776
754,-619.7533632286941,-55109.88789237646
755,-619.7533632286941,-55729.64125560515
756,539.7533632286941,-55189.88789237646
757,539.7533632286941,-54650.13452914776
758,539.7533632286941,-54110.38116591907
759,-619.7533632286941,-54730.13452914776
760,539.7533632286941,-54190.38116591907
761,-619.7533632286941,-54810.13452914776
762,-619.7533632286941,-55429.88789237646
763,539.7533632286941,-54890.13452914776
764,539.7533632286941,-54350.38116591907
765,539.7533632286941,-53810.627802690375
766,-619.7533632286941,-54430.38116591907
767,-619.7533632286941,-55050.13452914776
768,-619.7533632286941,-55669.88789237646
769,-619.7533632286941,-56289.64125560515
770,539.7533632286941,-55749.88789237646
771,539.7533632286941,-55210.13452914776
772,539.7533632286941,-54670.38116591907
773,539.7533632286941,-54130.627802690375
774,539.7533632286941,-53590.87443946168
775,-619.7533632286941,-54210.627802690375
776,-619.7533632286941,-54830.38116591907
777,-619.7533632286941,-55450.13452914776
778,539.7533632286941,-54910.38116591907
779,-340.0,-55250.38116591907
780,-619.7533632286941,-55870.13452914776
781,-619.7533632286941,-56489.88789237646
782,539.7533632286941,-55950.13452914776
783,539.7533632286941,-55410.38116591907
784,-619.7533632286941,-56030.13452914776
785,539.7533632286941,-55490.38116591907
786,145.0,-55345.38116591907
787,539.7533632286941,-54805.627802690375
788,539.7533632286941,-54265.87443946168
789,539.7533632286941,-53726.12107623299
790,539.7533632286941,-53186.36771300429
791,-619.7533632286941,-53806.12107623299
792,-619.7533632286941,-54425.87443946168
793,539.7533632286941,-53886.12107623299
794,-619.7533632286941,-54505.87443946168
795,539.7533632286941,-53966.12107623299
796,539.7533632286941,-53426.36771300429
797,539.7533632286941,-52886.6143497756
798,-619.7533632286941,-53506.36771300429
799,539.7533632286941,-52966.6143497756
800,-260.0,-53226.6143497756
801,-270.0,-53496.6143497756
802,-619.7533632286941,-54116.36771300429
803,-619.7533632286941,-54736.12107623299
804,-619.7533632286941,-55355.87443946168
805,-619.7533632286941,-55975.627802690375
806,-619.7533632286941,-56595.38116591907
807,-619.7533632286941,-57215.13452914776
808,-619.7533632286941,-57834.88789237646
809,-619.7533632286941,-58454.64125560515
810,-619.7533632286941,-59074.394618833845
811,280.0,-58794.394618833845
812,539.7533632286941,-58254.64125560515
813,539.7533632286941,-57714.88789237646
814,539.7533632286941,-57175.13452914776
815,539.7533632286941,-56635.38116591907
816,-619.7533632286941,-57255.13452914776
817,539.7533632286941,-56715.38116591907
818,-230.0,-56945.38116591907
819,-310.0,-57255.38116591907
820,-619.7533632286941,-57875.13452914776
821,-619.7533632286941,-58494.88789237646
822,-619.7533632286941,-59114.64125560515
823,-619.7533632286941,-59734.394618833845
824,-619.7533632286941,-60354.14798206254
825,-619.7533632286941,-60973.90134529123
826,539.7533632286941,-60434.14798206254
827,-619.7533632286941,-61053.90134529123
828,-619.7533632286941,-61673.65470851993
829,539.7533632286941,-61133.90134529123
830,-90.0,-61223.90134529123
831,240.0,-60983.90134529123
832,539.7533632286941,-60444.14798206254
833,539.7533632286941,-59904.394618833845
834,-619.7533632286941,-60524.14798206254
835,-619.7533632286941,-61143.90134529123
836,-619.7533632286941,-61763.65470851993
837,-619.7533632286941,-62383.40807174862
838,300.0,-62083.40807174862
839,-619.7533632286941,-62703.161434977315
840,539.7533632286941,-62163.40807174862
841,539.7533632286941,-61623.65470851993
842,539.7533632286941,-61083.90134529123
843,-619.7533632286941,-61703.65470851993
844,539.7533632286941,-61163.90134529123
845,539.7533632286941,-60624.14798206254
846,235.0,-60389.14798206254
847,105.0,-60284.14798206254
848,-619.7533632286941,-60903.90134529123
849,-619.7533632286941,-61523.65470851993
850,539.7533632286941,-60983.90134529123
851,-619.7533632286941,-61603.65470851993
852,-360.0,-61963.65470851993
853,-619.7533632286941,-62583.40807174862
854,-619.7533632286941,-63203.161434977315
855,-619.7533632286941,-63822.91479820601
856,-619.7533632286941,-64442.6681614347
857,-619.7533632286941,-65062.4215246634
858,539.7533632286941,-64522.6681614347
859,-619.7533632286941,-65142.4215246634
860,-619.7533632286941,-65762.17488789209
861,-155.0,-65917.17488789209
862,120.0,-65797.17488789209
863,-619.7533632286941,-66416.92825112079
864,-619.7533632286941,-67036.68161434948
865,-619.7533632286941,-67656.43497757817
866,539.7533632286941,-67116.68161434948
867,539.7533632286941,-66576.92825112079
868,-619.7533632286941,-67196.68161434948
869,245.0,-66951.68161434948
870,440.0,-66511.68161434948
871,539.7533632286941,-65971.92825112079
872,539.7533632286941,-65432.17488789209
873,-619.7533632286941,-66051.92825112079
874,539.7533632286941,-65512.17488789209
875,539.7533632286941,-64972.4215246634
876,5.0,-64967.4215246634
877,539.7533632286941,-64427.6681614347
878,-95.0,-64522.6681614347
